0|1|14/08/2023|19/08/2023|Postpone|Pending|
2|1|14/08/2023|19/08/2023|Postpone|Postponed|
3|1|14/08/2023|19/08/2023|Postpone|Pending|
5|1|14/08/2023|19/08/2023|Postpone|Pending|
7|1|14/08/2023|19/08/2023|Postpone|Pending|
9|1|14/08/2023|19/08/2023|Postpone|Pending|
11|1|14/08/2023|19/08/2023|Postpone|Pending|
13|1|14/08/2023|19/08/2023|Postpone|Pending|
15|1|14/08/2023|19/08/2023|Postpone|Pending|
16|1|14/08/2023|19/08/2023|Postpone|Pending|
17|9|06/07/2023|28/07/2023|Cancel|Pending|
18|9|20/06/2023|28/07/2023|Cancel|Pending|
19|9|26/06/2023|04/08/2023|Cancel|Pending|
