1|Nevena|nevena123|Guest1|True|22/05/2023|5|3|False||true|False
2|Strahinja|strahinja123|Guide|False|01/01/0001|0|0|True|Srpski|true|False
4|Marko|marko123|Guest2|False|01/01/0001|0|0|False||true|False
5|J|j123|Owner|False|01/01/0001|0|0|False||true|False
6|Mihajlo|mihajlo123|Guest2|False|01/01/0001|0|0|False||true|False
7|Darko|darko123|Guest2|False|01/01/0001|0|0|False||true|False
8|N|n123|Guest1|False|01/01/0001|0|0|False||true|False
9|Gost1|gost123|Guest1|False|01/01/0001|0|0|False||true|False
10|G1|g123|Guesut1|False|01/01/0001|0|0|False||true|False
3|Jovan|jovan123|Owner|True|01/01/0001|0|0|False||true|False
11|ja|ja123|Guide|False|01/01/0001|0|0|False||true|False
